symbol,sector,signal_date,entry_date,entry_price,shares,stop_price,target_price,exit_date,exit_price,exit_reason,held_days,gross_pnl_pct,net_pnl_pct,cost_rupees
PATNI,Unknown:PATNI,2008-10-23,2008-10-24,147.1,67,,,2009-01-27,117.85,time,60,-19.884432358939495,-20.176130576954453,28.7489012729
DISHTV,Unknown:DISHTV,2009-01-22,2009-01-23,17.9,533,,,2009-04-29,31.0,time,60,73.18435754189944,72.74968462905028,41.470838596200004
CUMMINSIND,Auto,2009-01-27,2009-01-28,200.0,48,,,2009-05-05,209.0,time,60,4.499999999999993,4.170841782999993,31.599188832
NTPC,Power,2009-01-27,2009-01-28,190.1,51,,,2009-05-05,195.0,time,60,2.577590741714886,2.251385779800104,31.6258972626
BPCL,Oil & Gas,2009-01-29,2009-01-30,395.0,24,,,2009-05-07,364.4,time,60,-7.74683544303798,-8.057179753012663,29.420640585599998
GMDCLTD,Metals,2009-01-29,2009-01-30,40.0,238,,,2009-05-07,64.3,time,60,60.74999999999999,60.33442907049999,39.5623524884
FSL,IT,2009-04-29,2009-05-04,16.25,712,,,2009-07-27,26.3,time,60,61.84615384615384,61.42889897661538,48.27638840560001
ALOKTEXT,Unknown:ALOKTEXT,2009-05-04,2009-05-05,14.1,835,,,2009-07-28,21.4,time,60,51.77304964539007,51.37126934042553,47.303604205000006
CESC,Power,2009-05-04,2009-05-05,250.0,46,,,2009-07-28,311.9,time,60,24.759999999999984,24.399717844239984,41.4324479124
ESSAROIL,Unknown:ESSAROIL,2009-05-19,2009-05-20,158.0,83,,,2009-08-12,133.9,time,60,-15.253164556962018,-15.551977448987333,39.186322660200005
JETAIRWAYS,Unknown:JETAIRWAYS,2009-05-25,2009-05-26,320.0,39,,,2009-08-18,243.1,time,60,-24.031250000000004,-24.316577768937503,35.6089055634
RANBAXY,Unknown:RANBAXY,2009-07-24,2009-07-27,282.0,50,,,2009-10-26,375.8,time,60,33.26241134751773,32.88906756638298,52.64147314
JINDALSAW,Unknown:JINDALSAW,2009-07-27,2009-07-28,462.4,31,,,2009-10-27,780.0,time,60,68.68512110726644,68.25736003840831,61.3169826544
JPASSOCIAT,Unknown:JPASSOCIAT,2009-07-27,2009-07-28,243.0,58,,,2009-10-27,227.0,time,60,-6.584362139917699,-6.896492271604942,43.99162076
BAJAJHIND,Unknown:BAJAJHIND,2009-08-12,2009-08-13,193.9,73,,,2009-11-13,220.0,time,60,13.46054667354306,13.11762303176895,48.539812722200004
HCLTECH,IT,2009-08-25,2009-08-26,308.0,47,,,2009-11-26,336.35,time,60,9.204545454545453,8.868159992499999,48.6951594857
BHARATFORG,Auto,2009-10-23,2009-10-26,274.0,65,,,2010-01-22,284.0,time,60,3.649635036496357,3.3217831722627804,58.39041702
GMDCLTD,Metals,2009-10-26,2009-10-27,111.0,158,,,2010-01-25,159.9,time,60,44.05405405405405,43.664131870810806,68.38455249719999
MARUTI,Auto,2009-10-26,2009-10-27,1500.0,11,,,2010-01-25,1412.0,time,60,-5.8666666666666645,-6.179899340799998,51.683391232000005
TRIVENI,Unknown:TRIVENI,2009-11-19,2009-11-20,103.2,170,,,2010-02-19,120.0,time,60,16.279069767441868,15.93181623720931,60.922159344
BAJAJHIND,Unknown:BAJAJHIND,2009-12-16,2009-12-17,208.0,89,,,2010-03-19,148.6,time,60,-28.557692307692307,-28.83606643826923,51.53261905240001
KFA,Unknown:KFA,2010-01-21,2010-01-22,58.6,316,,,2010-04-26,50.5,time,60,-13.82252559726963,-14.123536274061438,55.73995308560001
HINDZINC,Metals,2010-01-22,2010-01-25,1195.0,16,,,2010-04-27,1242.0,time,60,3.9330543933054463,3.6047671328870363,62.768524192
ITC,FMCG,2010-01-22,2010-01-25,250.0,78,,,2010-04-27,268.0,time,60,7.200000000000006,6.8666939728000065,64.994675304
RANBAXY,Unknown:RANBAXY,2010-02-25,2010-02-26,457.35,38,,,2010-05-27,414.0,time,60,-9.478517546736642,-9.786201601639888,53.473334953800006
AMBUJACEM,Cement,2010-04-22,2010-04-23,120.0,151,,,2010-07-16,110.2,time,60,-8.166666666666666,-8.476366020999999,56.11752300520001
MARUTI,Auto,2010-04-26,2010-04-27,1329.0,13,,,2010-07-20,1395.0,time,60,4.966139954853266,4.636265641534981,56.99238511200001
STER,Unknown:STER,2010-04-26,2010-04-27,844.6,21,,,2010-07-20,164.9,time,60,-80.4759649538243,-80.67458088408715,35.227713087000005
IDFC,Unknown:IDFC,2010-04-27,2010-04-28,164.0,111,,,2010-07-21,189.85,time,60,15.762195121951205,15.41573562798779,63.0694862811
BHEL,Capital Goods,2010-05-26,2010-05-27,2295.0,7,,,2010-08-19,2485.0,time,60,8.278867102396514,7.943903691503268,53.811871960000005
ESCORTS,Unknown:ESCORTS,2010-07-19,2010-07-20,206.0,77,,,2010-10-13,224.25,time,60,8.859223300970864,8.523368331796107,53.2733152105
RIIL,Unknown:RIIL,2010-07-19,2010-07-20,942.6,16,,,2010-10-13,899.4,time,60,-4.583068109484412,-4.898272681094851,47.537892672000005
BAJAJFINSV,Financial Services,2010-07-21,2010-07-22,444.0,35,,,2010-10-15,498.05,time,60,12.173423423423424,11.832477093851352,52.983059615500004
TVSMOTOR,Auto,2010-07-21,2010-07-22,130.0,120,,,2010-10-15,76.95,time,60,-40.8076923076923,-41.06724766976922,40.490636484
SINTEX,Unknown:SINTEX,2010-10-11,2010-10-12,436.9,34,,,2011-01-06,187.0,time,60,-57.19844357976653,-57.43281904357976,34.815537647599996
JINDALPOLY,Unknown:JINDALPOLY,2010-10-13,2010-10-14,1350.0,11,,,2011-01-10,548.4,time,60,-59.37777777777777,-59.608805291733326,34.3075858224
BAJAJFINSV,Financial Services,2010-10-18,2010-10-19,509.0,28,,,2011-01-13,428.05,time,60,-15.903732809430249,-16.201546281591348,42.4443760524
RIIL,Unknown:RIIL,2010-10-18,2010-10-19,915.0,16,,,2011-01-13,669.0,time,60,-26.885245901639344,-27.166189287868853,41.130111744000004
INDIABULLS,Unknown:INDIABULLS,2010-10-21,2010-10-22,193.0,74,,,2011-01-18,153.35,time,60,-20.544041450777208,-20.834726360155447,41.515618757400006
TCS,IT,2011-01-17,2011-01-18,1174.0,8,,,2011-04-18,1198.0,time,60,2.044293015332199,1.7189073192504274,30.560224576000003
OPTOCIRCUI,Unknown:OPTOCIRCUI,2011-01-18,2011-01-19,252.0,38,,,2011-04-19,270.05,time,60,7.1626984126984095,6.829449689166664,31.911897765400003
PETRONET,Unknown:PETRONET,2011-01-18,2011-01-19,132.0,74,,,2011-04-19,134.4,time,60,1.81818181818183,1.4931434800000116,31.749744873599997
TTKPRESTIG,Unknown:TTKPRESTIG,2011-01-19,2011-01-20,1482.5,6,,,2011-04-20,2299.95,time,60,55.13996627318718,54.733013623359184,36.198438202199995
BIOCON,Pharma,2011-01-20,2011-01-21,369.9,26,,,2011-04-21,373.0,time,60,0.8380643417139844,0.5145316854825704,31.115429680400002
JINDALSTEL,Metals,2011-04-21,2011-04-25,685.0,15,,,2011-07-18,631.0,time,60,-7.883211678832113,-8.193346484087588,31.86635124
RELIANCE,Oil & Gas,2011-04-21,2011-04-25,1014.0,10,,,2011-07-18,871.9,time,60,-14.013806706114396,-14.314523531893489,30.492686133999996
PETRONET,Unknown:PETRONET,2011-04-27,2011-04-28,134.0,81,,,2011-07-21,154.1,time,60,14.999999999999991,14.65471140999999,37.4776235586
BATAINDIA,Unknown:BATAINDIA,2011-04-28,2011-04-29,421.05,25,,,2011-07-22,633.2,time,60,50.385939912124456,49.98629052119701,42.068094012500005
ALOKTEXT,Unknown:ALOKTEXT,2011-05-02,2011-05-03,27.45,391,,,2011-07-26,25.25,time,60,-8.014571948998173,-8.324504955191252,33.2649545882
DRREDDY,Pharma,2011-07-20,2011-07-21,1550.0,7,,,2011-10-19,1512.0,time,60,-2.4516129032258083,-2.770091871741937,34.554968083999995
PETRONET,Unknown:PETRONET,2011-07-20,2011-07-21,154.1,75,,,2011-10-19,162.0,time,60,5.126541207008439,4.7964204811161615,38.153702895
INDIABULLS,Unknown:INDIABULLS,2011-07-21,2011-07-22,182.55,64,,,2011-10-20,168.0,time,60,-7.97041906327034,-8.280419898274449,36.21801755520001
RELIANCE,Oil & Gas,2011-07-25,2011-07-26,888.25,13,,,2011-10-24,848.0,time,60,-4.531381930762734,-4.846665904024766,36.40662860250001
GLENMARK,Pharma,2011-07-26,2011-07-27,339.75,35,,,2011-10-25,302.95,time,60,-10.831493745401033,-11.137099323090512,36.340323257
HCLTECH,IT,2011-10-18,2011-10-19,408.7,26,,,2012-01-17,422.0,time,60,3.2542206997797862,2.9269762813310463,34.773646393199996
CAIRN,Unknown:CAIRN,2011-10-20,2011-10-21,287.5,38,,,2012-01-19,348.1,time,60,21.078260869565234,20.723634697182625,38.742909332800004
HINDUNILVR,FMCG,2011-10-31,2011-11-01,371.4,30,,,2012-01-30,388.0,time,60,4.4695745826602185,4.140463105977396,36.669600732000006
MCLEODRUSS,Unknown:MCLEODRUSS,2011-11-01,2011-11-02,252.0,45,,,2012-01-31,181.25,time,60,-28.075396825396826,-28.354511870833335,31.651646152500003
IDFC,Unknown:IDFC,2011-11-08,2011-11-09,129.7,88,,,2012-02-06,140.9,time,60,8.63531225905938,8.299801267848894,38.293882492799995
HCLTECH,IT,2012-01-17,2012-01-18,426.45,25,,,2012-04-18,502.0,time,60,17.716027670301337,17.3665666479775,37.256913242500005
PRAJIND,Unknown:PRAJIND,2012-01-20,2012-01-23,82.0,133,,,2012-04-23,73.2,time,60,-10.73170731707317,-11.037466189268292,33.346062601599996
INDIACEM,Unknown:INDIACEM,2012-02-06,2012-02-07,95.5,122,,,2012-05-08,86.0,time,60,-9.947643979057597,-10.254607349738226,35.764302318000006
PFC,Financial Services,2012-02-06,2012-02-07,197.0,58,,,2012-05-08,152.0,time,60,-22.842639593908633,-23.12979333705584,32.810186692
ADANIENT,Diversified,2012-02-09,2012-02-10,393.5,29,,,2012-05-11,257.0,time,60,-34.68869123252859,-34.95764676315121,30.691860376999998
JSWENERGY,Power,2012-05-09,2012-05-10,44.0,224,,,2012-08-02,51.1,time,60,16.136363636363637,15.789329335,34.2037007424
GLENMARK,Pharma,2012-05-10,2012-05-11,364.4,27,,,2012-08-03,384.8,time,60,5.598243688254678,5.267398320746445,32.5512140184
ASIANPAINT,FMCG,2012-05-11,2012-05-14,3605.05,2,,,2012-08-06,3785.0,time,60,4.991608992940444,4.661695553423655,23.7870889026
SIEMENS,Capital Goods,2012-05-14,2012-05-15,706.0,13,,,2012-08-07,672.9,time,60,-4.68838526912182,-5.003428049773378,28.9146264082
CIPLA,Pharma,2012-05-16,2012-05-17,323.0,30,,,2012-08-09,352.25,time,60,9.05572755417956,8.719570710061912,32.573598195
MANAPPURAM,Financial Services,2012-08-02,2012-08-03,34.8,298,,,2012-11-02,36.5,time,60,4.885057471264376,4.555307718965525,34.1963683124
MANAPPURAM,Financial Services,2014-05-15,2014-05-16,23.0,458,,,2014-08-11,21.75,time,60,-5.434782608695654,-5.748678754347828,33.065819983
