symbol,n_trades,mean_net_pct,total_net_pct,win_rate_pct,sector
PARSVNATH,9,6.772936984883476,60.956432863951285,66.66666666666666,(unmapped)
COREPROTEC,9,6.717350925080289,60.456158325722605,55.55555555555556,(unmapped)
SOBHA,8,6.012542379789903,48.10033903831923,50.0,(unmapped)
RPL,9,5.286678566934081,47.58010710240673,66.66666666666666,(unmapped)
RUSHIL,6,5.148557514431489,30.89134508658893,83.33333333333334,(unmapped)
DCHL,11,5.088151649570927,55.969668145280195,54.54545454545454,(unmapped)
MYSORECEM,6,4.8828974164832575,29.297384498899547,66.66666666666666,(unmapped)
3IINFOTECH,13,4.873180420893596,63.35134547161675,69.23076923076923,(unmapped)
I-FLEX,12,4.837078299699283,58.044939596391394,75.0,(unmapped)
GRAVITA,5,4.681388485040996,23.40694242520498,80.0,(unmapped)
OIL,5,4.647342211675548,23.236711058377743,80.0,Oil & Gas
JYOTISTRUC,7,4.310889372220813,30.176225605545692,57.14285714285714,(unmapped)
CENTRALBK,8,4.155278276661671,33.24222621329337,75.0,(unmapped)
RUCHISOYA,11,4.0189656735736685,44.20862240931036,63.63636363636363,(unmapped)
VSNL,12,3.981997610570565,47.78397132684678,75.0,(unmapped)
SUVEN,14,3.8778273252405344,54.28958255336748,64.28571428571429,(unmapped)
GESHIP,7,3.5113975976046476,24.579783183232532,71.42857142857143,Logistics
GITANJALI,23,3.3659098203898834,77.41592586896732,43.47826086956522,(unmapped)
PATELENG,14,3.3638676860427035,47.09414760459785,57.14285714285714,(unmapped)
NATIONALUM,16,3.338155415743267,53.41048665189227,68.75,Metals
UFLEX,11,3.3228348651544337,36.55118351669877,54.54545454545454,(unmapped)
HCC,11,3.2559079042320778,35.81498694655286,45.45454545454545,(unmapped)
GTCIND,18,3.198751161599721,57.57752090879497,50.0,(unmapped)
KSCL,7,2.968868772463506,20.782081407244544,57.14285714285714,(unmapped)
SUBEX,7,2.9017092480454494,20.311964736318146,57.14285714285714,(unmapped)
WOCKPHARMA,22,2.886400088351545,63.50080194373399,59.09090909090909,Pharma
BANKINDIA,47,2.8849669525658332,135.59344677059417,63.829787234042556,Banking
GHCL,12,2.865871639784301,34.39045967741161,66.66666666666666,(unmapped)
SAKHTISUG,18,2.862476800838656,51.52458241509581,50.0,(unmapped)
ISPATIND,19,2.8383632131659646,53.92890105015333,57.89473684210527,(unmapped)
ADANIPOWER,17,2.8331064846198397,48.162810238537276,52.94117647058824,Power
JUBILANT,9,2.793375773208123,25.140381958873107,55.55555555555556,(unmapped)
RAJESHEXPO,18,2.7387228803588863,49.29701184645995,50.0,(unmapped)
J&KBANK,10,2.7206564493570986,27.206564493570987,60.0,(unmapped)
ANSALINFRA,12,2.652411312710947,31.82893575253137,33.33333333333333,(unmapped)
IBSEC,5,2.4149008759879003,12.074504379939501,20.0,(unmapped)
SUZLON,42,2.3877741740549334,100.28651531030721,45.23809523809524,Power
SHASUNPHAR,5,2.365540105156717,11.827700525783584,60.0,(unmapped)
LICHSGFIN,47,2.253120857988657,105.89668032546689,65.95744680851064,Financial Services
GODFRYPHLP,5,2.2032285224868087,11.016142612434043,60.0,FMCG
JINDALSWHL,15,2.134379433160426,32.015691497406394,46.666666666666664,(unmapped)
TORNTPHARM,5,2.1304091020611913,10.652045510305957,80.0,Pharma
MAX,9,2.052461648979213,18.47215484081292,66.66666666666666,(unmapped)
TATACOFFEE,12,2.0109174070524105,24.131008884628926,41.66666666666667,(unmapped)
STROPTICAL,15,1.9368429571233488,29.05264435685023,40.0,(unmapped)
INFRATEL,6,1.9336500266842167,11.6019001601053,66.66666666666666,(unmapped)
HDIL,42,1.910228635967618,80.22960271063995,52.38095238095239,(unmapped)
ABAN,39,1.9000096490915683,74.10037631457116,51.28205128205128,(unmapped)
APTECHT,30,1.8949928490974652,56.849785472923955,46.666666666666664,(unmapped)
NIFTYBEES,5,1.8349009018276905,9.174504509138453,80.0,(unmapped)
BINDALAGRO,15,1.8281231056388971,27.421846584583456,46.666666666666664,(unmapped)
MRF,9,1.8042539375289683,16.238285437760716,44.44444444444444,Auto
GUJAMBCEM,9,1.754908971234639,15.794180741111752,66.66666666666666,(unmapped)
MRPL,26,1.7217557723239385,44.765650080422404,42.30769230769231,Oil & Gas
JKTYRE,14,1.7138729482608073,23.994221275651302,57.14285714285714,(unmapped)
HOTELEELA,11,1.6846039472077685,18.530643419285454,45.45454545454545,(unmapped)
MLL,20,1.6678462198328354,33.35692439665671,50.0,(unmapped)
IOB,29,1.629264885418607,47.2486816771396,55.172413793103445,(unmapped)
RANBAXY,42,1.59056583109346,66.80376490592532,59.523809523809526,(unmapped)
TV18BRDCST,15,1.5353757938918446,23.03063690837767,60.0,(unmapped)
CENTURYTEX,50,1.4844528991923682,74.2226449596184,62.0,(unmapped)
BGRENERGY,10,1.4675453306668982,14.675453306668981,50.0,(unmapped)
KFA,12,1.4101993223352,16.9223918680224,75.0,(unmapped)
TATACHEM,32,1.4098977147240317,45.116726871169014,62.5,Chemicals
AXISBANK,25,1.3834038577808938,34.58509644452234,48.0,Banking
DLF,36,1.3731329624804116,49.43278664929482,58.333333333333336,Realty
EDUCOMP,31,1.3722181593590512,42.53876294013059,45.16129032258064,(unmapped)
DISHMAN,18,1.2958769703551483,23.32578546639267,50.0,(unmapped)
HINDOILEXP,39,1.2805962452206212,49.94325356360423,46.15384615384615,(unmapped)
MCDOWELL-N,51,1.2727355822737425,64.90951469596087,52.94117647058824,(unmapped)
CEATLTD,22,1.238826403006378,27.254180866140317,50.0,(unmapped)
GATI,12,1.2023740982573372,14.428489179088047,33.33333333333333,(unmapped)
BAJAJAUTO,10,1.1373837184084947,11.373837184084948,70.0,(unmapped)
APIL,17,1.0561948512900994,17.95531247193169,52.94117647058824,(unmapped)
ACC,37,1.0189989478344774,37.70296106987566,48.64864864864865,(unmapped)
UPL,8,1.0008092610770096,8.006474088616077,50.0,Chemicals
GRASIM,33,0.9830549560854336,32.44081355081931,57.57575757575758,Cement
UNIONBANK,41,0.9620119284406295,39.44248906606581,51.21951219512195,Banking
BEML,32,0.9479988781707036,30.335964101462515,53.125,Capital Goods
VIPIND,15,0.9189875736105527,13.784813604158291,60.0,(unmapped)
ARVIND,36,0.8913353804646709,32.08807369672815,63.888888888888886,(unmapped)
MUNDRAPORT,9,0.8846490139212939,7.961841125291645,33.33333333333333,(unmapped)
PFC,23,0.8721741434349598,20.060005299004075,60.86956521739131,Financial Services
RIIL,42,0.8447031241973433,35.47753121628842,42.857142857142854,(unmapped)
ABB,27,0.8433615705462474,22.77076240474868,51.85185185185185,Capital Goods
PRISMCEM,12,0.8383343271310828,10.060011925572994,33.33333333333333,(unmapped)
IOC,31,0.8297760652723338,25.72305802344235,54.83870967741935,Oil & Gas
JINDALSAW,13,0.7860112801297975,10.218146641687367,53.84615384615385,(unmapped)
ASIANELEC,9,0.7842472796942721,7.058225517248449,55.55555555555556,(unmapped)
SINTEX,31,0.7570088403678269,23.467274051402633,61.29032258064516,(unmapped)
JETAIRWAYS,49,0.7529021312730011,36.892204432377056,42.857142857142854,(unmapped)
SESAGOA,45,0.7295080833261639,32.82786374967738,44.44444444444444,(unmapped)
TECHM,35,0.729284874813486,25.52497061847201,45.714285714285715,IT
NTPC,33,0.7121150286082523,23.499795944072325,57.57575757575758,Power
HEXAWARE,36,0.7012095389156952,25.243543400965024,47.22222222222222,(unmapped)
HINDALCO,30,0.6884956566578838,20.654869699736516,43.333333333333336,Metals
NBCC,8,0.661189260889592,5.289514087116736,37.5,Capital Goods
NCC,22,0.6415171700383789,14.113377740844337,45.45454545454545,(unmapped)
SIEMENS,46,0.6204028592121389,28.53853152375839,45.65217391304348,Capital Goods
TVTODAY,6,0.6189609910734095,3.713765946440457,66.66666666666666,(unmapped)
STAR,30,0.6175688972197495,18.527066916592485,43.333333333333336,(unmapped)
TATASTEEL,45,0.5931355541166552,26.691099935249483,42.22222222222222,Metals
BANKBARODA,44,0.5751199688116179,25.305278627711186,52.27272727272727,Banking
ESSAROIL,43,0.5731508711400644,24.645487459022767,41.86046511627907,(unmapped)
TRIVENI,14,0.5499301416798945,7.699021983518523,57.14285714285714,(unmapped)
BHARATFORG,41,0.5414629464158326,22.199980803049137,51.21951219512195,Auto
JSWENERGY,19,0.5363918056981417,10.191444308264693,63.1578947368421,Power
UTVSOF,6,0.5027152753410663,3.0162916520463976,66.66666666666666,(unmapped)
REL,11,0.4731027675865682,5.20413044345225,45.45454545454545,(unmapped)
ICICIBANK,46,0.4704877430940318,21.64243618232546,54.347826086956516,Banking
HINDLEVER,13,0.44461129559616813,5.779946842750186,38.46153846153847,(unmapped)
RCOM,35,0.44184327914091404,15.464514769931991,40.0,(unmapped)
AMARAJABAT,12,0.4250330980387229,5.100397176464675,66.66666666666666,(unmapped)
PIDILITIND,13,0.42245232050344445,5.491880166544778,46.15384615384615,Chemicals
TATAGLOBAL,26,0.3729505295786991,9.696713769046177,61.53846153846154,(unmapped)
GOLDBEES,10,0.36641310823775725,3.6641310823775726,40.0,(unmapped)
BAJAJFINSV,5,0.36591749763150283,1.8295874881575143,40.0,Financial Services
INGVYSYABK,6,0.3658059248250701,2.1948355489504205,66.66666666666666,(unmapped)
INDIACEM,45,0.35836038814455057,16.126217466504777,55.55555555555556,(unmapped)
RELCAPITAL,51,0.3431852831905948,17.502449442720337,50.98039215686274,(unmapped)
IVRCLINFRA,34,0.3386737650253694,11.514908010862559,50.0,(unmapped)
BAJAJ-AUTO,27,0.33822753635836794,9.132143481675934,44.44444444444444,Auto
BFUTILITIE,30,0.32658078918037364,9.79742367541121,40.0,(unmapped)
MOSERBAER,17,0.32418561507970267,5.511155456354945,58.82352941176471,(unmapped)
GESHIPPING,5,0.31798135071702693,1.5899067535851346,40.0,(unmapped)
JPASSOCIAT,40,0.3026411564557832,12.105646258231328,47.5,(unmapped)
IPCALAB,10,0.28766420961188877,2.8766420961188874,50.0,(unmapped)
ABIRLANUVO,27,0.281248014048687,7.593696379314549,51.85185185185185,(unmapped)
TORNTPOWER,12,0.27751225335338375,3.330147040240605,58.333333333333336,(unmapped)
DISHTV,24,0.2751064671441799,6.602555211460318,45.83333333333333,(unmapped)
REIAGRO,5,0.2564045516640725,1.2820227583203625,40.0,(unmapped)
ADANIPORTS,11,0.2484058625845208,2.732464488429729,54.54545454545454,Logistics
TATAMOTORS,43,0.24093283191126305,10.360111772184311,48.837209302325576,(unmapped)
ABGSHIP,10,0.23533240207780146,2.3533240207780146,30.0,(unmapped)
MARICO,6,0.2311192291244469,1.3867153747466814,33.33333333333333,FMCG
IPCL,7,0.19082610543362005,1.3357827380353404,42.857142857142854,(unmapped)
RELIANCE,43,0.18866603124906756,8.112639343709905,44.18604651162791,Oil & Gas
INFOSYSTCH,24,0.11525550990626816,2.766132237750436,54.166666666666664,(unmapped)
CESC,22,0.05719979896490446,1.258395577227898,45.45454545454545,Power
RECLTD,32,0.054517595793675905,1.744563065397629,53.125,Financial Services
GEOINFO,6,0.033343379043094444,0.20006027425856665,50.0,(unmapped)
GODREJCP,9,0.031024369592876886,0.27921932633589197,66.66666666666666,FMCG
RPOWER,23,0.01912961707285462,0.4399811926756563,47.82608695652174,Power
ZEETELE,11,0.016489330274112115,0.18138263301523327,45.45454545454545,(unmapped)
RNRL,23,0.0019051602720880235,0.04381868625802454,47.82608695652174,(unmapped)
EVERONN,13,-0.012924284430572159,-0.16801569759743806,30.76923076923077,(unmapped)
ROLTA,34,-0.02018659783531691,-0.6863443264007749,47.05882352941176,(unmapped)
GVKPIL,18,-0.02344579468114401,-0.42202430426059223,38.88888888888889,(unmapped)
TATAMTRDVR,16,-0.06048431804756094,-0.967749088760975,50.0,(unmapped)
ULTRACEMCO,21,-0.08835787094505503,-1.8555152898461555,52.38095238095239,Cement
PNB,44,-0.08958838727904475,-3.941889040277969,47.72727272727273,Banking
ORIENTBANK,52,-0.10613645512035785,-5.519095666258608,42.30769230769231,(unmapped)
PATNI,16,-0.10777088708554472,-1.7243341933687155,43.75,(unmapped)
FINPIPE,5,-0.11348013283712755,-0.5674006641856377,40.0,(unmapped)
NESTLEIND,7,-0.11361065144193638,-0.7952745600935547,42.857142857142854,FMCG
SAIL,40,-0.11699576402760281,-4.679830561104112,40.0,Metals
HDFCBANK,43,-0.13318034767578066,-5.726754950058568,46.51162790697674,Banking
JPHYDRO,13,-0.1511797094913569,-1.9653362233876397,53.84615384615385,(unmapped)
IRB,23,-0.16442486484112714,-3.781771891345924,56.52173913043478,(unmapped)
SPARC,8,-0.18956931852929726,-1.516554548234378,25.0,(unmapped)
BPCL,33,-0.1965954659777361,-6.487650377265291,51.515151515151516,Oil & Gas
TATAELXSI,18,-0.2101571537924239,-3.78282876826363,38.88888888888889,IT
NAGARFERT,30,-0.22210767501128612,-6.663230250338583,36.666666666666664,(unmapped)
MCLEODRUSS,25,-0.22888943579116058,-5.722235894779015,48.0,(unmapped)
M&M,47,-0.2335574897156771,-10.977202016636824,51.06382978723404,Auto
SKSMICRO,18,-0.23961453892866272,-4.313061700715929,38.88888888888889,(unmapped)
KPIT,7,-0.2411635452120072,-1.6881448164840505,42.857142857142854,(unmapped)
MARUTI,42,-0.2500285767955814,-10.501200225414419,45.23809523809524,Auto
PVR,6,-0.2569322191310221,-1.5415933147861327,66.66666666666666,(unmapped)
JISLJALEQS,24,-0.26690260619847006,-6.4056625487632814,41.66666666666667,(unmapped)
AUROPHARMA,54,-0.27306815265939616,-14.745680243607394,44.44444444444444,Pharma
NEYVELILIG,22,-0.28188764911987074,-6.201528280637157,54.54545454545454,(unmapped)
HINDUNILVR,30,-0.3013063069743969,-9.039189209231907,40.0,FMCG
AMTEKAUTO,13,-0.31328379275749635,-4.072689305847453,46.15384615384615,(unmapped)
ESCORTS,57,-0.32239914996868263,-18.37675154821491,36.84210526315789,(unmapped)
BATAINDIA,35,-0.3321650383395651,-11.62577634188478,48.57142857142857,(unmapped)
INFY,16,-0.3378732524624459,-5.405972039399135,50.0,IT
GTLINFRA,12,-0.3508047773330673,-4.2096573279968075,33.33333333333333,(unmapped)
IFCI,54,-0.35216562097417553,-19.016943532605477,42.592592592592595,Financial Services
MPHASIS,15,-0.35462757689999724,-5.319413653499959,46.666666666666664,IT
SRTRANSFIN,21,-0.3687136617751239,-7.742986897277602,47.61904761904761,(unmapped)
MATRIXLABS,10,-0.37377731232440076,-3.7377731232440077,50.0,(unmapped)
VIJAYABANK,39,-0.392751056025605,-15.317291184998595,41.02564102564102,(unmapped)
BHEL,37,-0.4000481373545281,-14.80178108211754,43.24324324324324,Capital Goods
HINDALC0,13,-0.40252744920340777,-5.232856839644301,46.15384615384615,(unmapped)
LIQUIDBEES,12,-0.4060802017297899,-4.872962420757479,0.0,(unmapped)
ASIANPAINT,24,-0.43150313329603124,-10.35607519910475,54.166666666666664,FMCG
NDTV,18,-0.4439834187138756,-7.99170153684976,38.88888888888889,(unmapped)
IDFC,41,-0.44812974321787497,-18.373319471932874,46.34146341463415,(unmapped)
PUNJLLOYD,29,-0.4487162207741861,-13.012770402451396,41.37931034482759,(unmapped)
ERACONS,6,-0.46277541410001116,-2.776652484600067,50.0,(unmapped)
ORBITCORP,17,-0.46719438226766286,-7.942304498550269,41.17647058823529,(unmapped)
MANAPPURAM,19,-0.47854994245296784,-9.09244890660639,52.63157894736842,Financial Services
RELINFRA,28,-0.5124992424332554,-14.34997878813115,42.857142857142854,(unmapped)
TCS,35,-0.5157777849653202,-18.05222247378621,42.857142857142854,IT
AJANTPHARM,10,-0.5314495286650915,-5.314495286650915,60.0,(unmapped)
DCB,19,-0.5545154854268007,-10.535794223109214,36.84210526315789,(unmapped)
THERMAX,6,-0.5599304384398417,-3.35958263063905,50.0,(unmapped)
LT,51,-0.5736686740977817,-29.257102378986865,43.13725490196079,Capital Goods
ADANIENT,31,-0.5755048768345048,-17.84065118186965,48.38709677419355,Diversified
JSTAINLESS,8,-0.5770972567001225,-4.61677805360098,37.5,(unmapped)
ZEEL,29,-0.5825603231478541,-16.89424937128777,44.827586206896555,(unmapped)
POWERGRID,23,-0.5842690865098872,-13.438188989727404,39.130434782608695,Power
M&MFIN,15,-0.5931659836658485,-8.897489754987728,53.333333333333336,Financial Services
RENUKA,26,-0.5995500181575323,-15.58830047209584,46.15384615384615,(unmapped)
ENGINERSIN,17,-0.6027093913684346,-10.246059653263389,52.94117647058824,(unmapped)
CIPLA,39,-0.605219601971177,-23.603564476875903,41.02564102564102,Pharma
NICOLASPIR,11,-0.6251884742255878,-6.877073216481466,45.45454545454545,(unmapped)
CHENNPETRO,17,-0.6295895270128189,-10.70302195921792,41.17647058823529,(unmapped)
GMRINFRA,29,-0.6689352814108437,-19.399123160914467,37.93103448275862,(unmapped)
NHPC,16,-0.6832439745466127,-10.931903592745803,37.5,Power
SBIN,57,-0.7064138809244128,-40.26559121269153,43.859649122807014,Banking
ASHOKLEY,49,-0.7628491392839667,-37.379607824914366,51.02040816326531,Auto
CUMMINSIND,25,-0.775203249769541,-19.380081244238525,36.0,Auto
GMDCLTD,11,-0.7753033435343184,-8.528336778877502,36.36363636363637,Metals
ORCHIDCHEM,27,-0.7943667537909275,-21.44790235235504,44.44444444444444,(unmapped)
DABUR,25,-0.8019158051555562,-20.047895128888904,40.0,FMCG
DIVISLAB,40,-0.8030538189512816,-32.122152758051264,50.0,Pharma
AMBUJACEM,28,-0.823687056756852,-23.063237589191857,42.857142857142854,Cement
FEDERALBNK,33,-0.8248000788400889,-27.218402601722932,42.42424242424242,Banking
IDEA,19,-0.8520244120857475,-16.188463829629203,42.10526315789473,Telecom
VOLTAS,44,-0.8537442152593904,-37.564745471413175,40.909090909090914,Consumer Durables
MOTHERSUMI,8,-0.8608753007186618,-6.8870024057492945,37.5,(unmapped)
BAJAJHIND,32,-0.8649251406296649,-27.677604500149275,40.625,(unmapped)
LITL,20,-0.8789213526288752,-17.578427052577503,35.0,(unmapped)
VISUALSOFT,7,-0.8928215277092166,-6.249750693964517,42.857142857142854,(unmapped)
GAIL,34,-0.8950178853977777,-30.430608103524442,47.05882352941176,Oil & Gas
JINDALSTEL,35,-0.9118223841001282,-31.913783443504485,37.142857142857146,Metals
HINDPETRO,39,-0.9420208765662014,-36.738814186081854,43.58974358974359,Oil & Gas
SUNPHARMA,35,-0.9619799842498269,-33.66929944874394,48.57142857142857,Pharma
GUJNRECOKE,17,-0.9986614545663476,-16.97724472762791,41.17647058823529,(unmapped)
MARKSANS,13,-0.999668592388097,-12.995691701045262,38.46153846153847,(unmapped)
GLODYNE,10,-1.0254502574614275,-10.254502574614275,50.0,(unmapped)
APOLLOHOSP,16,-1.0289119831503388,-16.46259173040542,31.25,Pharma
FSL,15,-1.0293996554135039,-15.440994831202557,33.33333333333333,IT
HEROMOTOCO,12,-1.0390954226247084,-12.469145071496502,41.66666666666667,Auto
TITAN,51,-1.0491479635040266,-53.50654613870535,41.17647058823529,Retail
HAVELLS,31,-1.0536727235616667,-32.66385443041167,45.16129032258064,Consumer Durables
HCLTECH,35,-1.062763930498879,-37.196737567460765,42.857142857142854,IT
BIOCON,43,-1.064985559034938,-45.794379038502335,46.51162790697674,Pharma
STER,17,-1.0776112868924854,-18.31939187717225,35.294117647058826,(unmapped)
DEEPAKFERT,7,-1.081386209606169,-7.569703467243183,28.57142857142857,Chemicals
UBL,18,-1.0858024699505289,-19.54444445910952,38.88888888888889,(unmapped)
WIPRO,35,-1.1013051931319398,-38.54568175961789,37.142857142857146,IT
TTML,18,-1.1056421968404433,-19.90155954312798,38.88888888888889,(unmapped)
PETRONET,42,-1.127629956336102,-47.36045816611629,40.476190476190474,(unmapped)
NAGARCONST,17,-1.131178817153869,-19.230039891615775,52.94117647058824,(unmapped)
IBREALEST,38,-1.1326711171304933,-43.041502450958745,47.368421052631575,(unmapped)
INDUSINDBK,36,-1.138153424931248,-40.97352329752493,36.11111111111111,Banking
JSWSTEEL,42,-1.1405881707268288,-47.904703170526815,50.0,Metals
LUPIN,29,-1.1737576938281602,-34.038973121016646,34.48275862068966,Pharma
GTL,11,-1.1883168810622053,-13.07148569168426,18.181818181818183,(unmapped)
BALRAMCHIN,38,-1.2113866577190864,-46.032692993325284,34.21052631578947,(unmapped)
DELTACORP,35,-1.2210587903176866,-42.73705766111903,40.0,(unmapped)
COX&KINGS,7,-1.267759722302518,-8.874318056117627,42.857142857142854,(unmapped)
NOIDATOLL,12,-1.3119066496049234,-15.742879795259082,41.66666666666667,(unmapped)
BHUSANSTL,28,-1.3305953609977499,-37.256670107937,39.285714285714285,(unmapped)
EROSMEDIA,6,-1.3511233239651999,-8.106739943791199,16.666666666666664,(unmapped)
AIAENG,5,-1.356593332254397,-6.782966661271985,40.0,(unmapped)
APOLLOTYRE,37,-1.359898003715224,-50.31622613746329,37.83783783783784,(unmapped)
HCL-INSYS,12,-1.3673880716980882,-16.408656860377057,33.33333333333333,(unmapped)
IDBI,49,-1.3822922815669298,-67.73232179677956,32.6530612244898,Banking
KSOILS,10,-1.4118038723898185,-14.118038723898184,40.0,(unmapped)
RAYMOND,21,-1.4243042377561548,-29.910388992879252,42.857142857142854,(unmapped)
FINANTECH,30,-1.4291696106743539,-42.87508832023062,33.33333333333333,(unmapped)
AREVAT&D,6,-1.4298847343328955,-8.579308405997374,50.0,(unmapped)
BONGAIREFN,11,-1.45829140046664,-16.04120540513304,18.181818181818183,(unmapped)
CORPBANK,9,-1.4666211445539554,-13.199590300985598,33.33333333333333,(unmapped)
YESBANK,32,-1.469263822059391,-47.01644230590051,40.625,Banking
TATATEA,14,-1.5034631374006246,-21.048483923608746,35.714285714285715,(unmapped)
HANUNG,7,-1.5123875148739272,-10.58671260411749,42.857142857142854,(unmapped)
BEL,28,-1.5393737451501863,-43.10246486420522,28.57142857142857,(unmapped)
WELGUJ,11,-1.5407979504267644,-16.948777454694408,54.54545454545454,(unmapped)
OPTOCIRCUI,24,-1.5421151452299664,-37.01076348551919,41.66666666666667,(unmapped)
MTNL,21,-1.5645597890592384,-32.85575557024401,38.095238095238095,(unmapped)
INDIANB,17,-1.5726777582220701,-26.735521889775193,35.294117647058826,Banking
BHARTIARTL,29,-1.5735556019989647,-45.63311245796998,48.275862068965516,Telecom
BOMDYEING,38,-1.5819302760324354,-60.113350489232545,39.473684210526315,(unmapped)
IGL,20,-1.610938021215667,-32.21876042431334,25.0,Oil & Gas
COLPAL,19,-1.628753682454779,-30.9463199666408,31.57894736842105,FMCG
TTKPRESTIG,10,-1.6593442299733483,-16.593442299733482,40.0,(unmapped)
GSKCONS,6,-1.6627990970858535,-9.97679458251512,33.33333333333333,(unmapped)
SOUTHBANK,12,-1.6822497882001812,-20.186997458402175,41.66666666666667,(unmapped)
GLAXO,11,-1.7281096085306105,-19.009205693836716,27.27272727272727,(unmapped)
MINDTREE,11,-1.740922459028051,-19.15014704930856,27.27272727272727,(unmapped)
ONGC,31,-1.743236500320847,-54.040331509946256,41.935483870967744,Oil & Gas
CANBK,46,-1.7485160765599375,-80.43173952175712,41.30434782608695,Banking
ALBK,45,-1.7500956884907781,-78.75430598208501,24.444444444444443,(unmapped)
GLENMARK,33,-1.7563568776379166,-57.95977696205125,39.39393939393939,Pharma
EXIDEIND,18,-1.7639824770845236,-31.751684587521424,33.33333333333333,Auto
NMDC,18,-1.7725529865135061,-31.90595375724311,33.33333333333333,Metals
DRREDDY,41,-1.789139160934389,-73.35470559830995,34.146341463414636,Pharma
NIITLTD,13,-1.791232392563703,-23.28602110332814,30.76923076923077,(unmapped)
INDHOTEL,27,-1.7939047714656202,-48.43542882957175,37.03703703703704,Services
ARVINDMILL,11,-1.796923160114879,-19.766154761263667,18.181818181818183,(unmapped)
DHFL,12,-1.8287265906892733,-21.94471908827128,50.0,(unmapped)
HDFC,38,-1.8501240142584592,-70.30471254182144,36.84210526315789,(unmapped)
SKUMARSYNF,26,-1.8622648899885474,-48.418887139702235,42.30769230769231,(unmapped)
SYNDIBANK,38,-1.9274395838952736,-73.2427041880204,36.84210526315789,(unmapped)
BRITANNIA,7,-1.9389967973983315,-13.57297758178832,42.857142857142854,FMCG
UNITECH,46,-1.9420396074713067,-89.3338219436801,41.30434782608695,(unmapped)
UCOBANK,48,-1.9426633831002371,-93.24784238881138,37.5,(unmapped)
KTKBANK,38,-2.0016152807070906,-76.06138066686944,31.57894736842105,(unmapped)
GSFC,5,-2.035883250507776,-10.17941625253888,40.0,(unmapped)
CADILAHC,9,-2.06208846642009,-18.558796197780808,22.22222222222222,(unmapped)
UTIBANK,7,-2.0749206939513374,-14.524444857659363,28.57142857142857,(unmapped)
L&TFH,14,-2.099916866411551,-29.398836129761712,42.857142857142854,(unmapped)
TVSMOTOR,40,-2.1329388646272647,-85.31755458509059,47.5,Auto
TATAPOWER,30,-2.1580231388276165,-64.7406941648285,43.333333333333336,Power
ANDHRABANK,43,-2.177457358933526,-93.63066643414162,32.55813953488372,(unmapped)
COALINDIA,16,-2.1913699751720666,-35.061919602753065,18.75,Metals
MCX,16,-2.2054409652187625,-35.2870554435002,37.5,Financial Services
POLARIS,42,-2.220213137351188,-93.24895176874989,35.714285714285715,(unmapped)
GODREJIND,40,-2.221764366189259,-88.87057464757036,32.5,(unmapped)
ALOKTEXT,27,-2.2231620335229625,-60.02537490511999,29.629629629629626,(unmapped)
KOTAKBANK,34,-2.2333792373848866,-75.93489407108615,35.294117647058826,Banking
PTC,31,-2.2349051658769157,-69.28206014218439,38.70967741935484,(unmapped)
MUKANDLTD,7,-2.241566180785699,-15.690963265499894,14.285714285714285,(unmapped)
DENABANK,46,-2.2653269353487113,-104.20503902604072,30.434782608695656,(unmapped)
PIRHEALTH,7,-2.2994943083352477,-16.096460158346733,28.57142857142857,(unmapped)
CHAMBLFERT,33,-2.326763497347601,-76.78319541247083,27.27272727272727,Chemicals
ALPSINDUS,5,-2.4209774888726026,-12.104887444363012,40.0,(unmapped)
CROMPGREAV,37,-2.449297825205347,-90.62401953259783,35.13513513513514,(unmapped)
TATACOMM,11,-2.4583499699279847,-27.04184966920783,36.36363636363637,Telecom
BAJFINANCE,8,-2.4633463218226153,-19.706770574580922,25.0,Financial Services
COLGATE,7,-2.4671464457399717,-17.270025120179803,28.57142857142857,(unmapped)
HEROHONDA,13,-2.4798276076597228,-32.2377588995764,30.76923076923077,(unmapped)
GPPL,5,-2.4826786723358687,-12.413393361679343,40.0,(unmapped)
BRFL,13,-2.5006761531312227,-32.50878999070589,23.076923076923077,(unmapped)
SCI,17,-2.5528666379245957,-43.398732844718126,23.52941176470588,(unmapped)
ITC,39,-2.579181791453773,-100.58808986669715,33.33333333333333,FMCG
BALAJITELE,5,-2.612612148748227,-13.063060743741135,20.0,(unmapped)
ADLABSFILM,21,-2.639616159403726,-55.43193934747825,38.095238095238095,(unmapped)
SUNTV,29,-2.7271246490721213,-79.08661482309152,31.03448275862069,(unmapped)
GAMMONIND,5,-2.729158251474408,-13.64579125737204,20.0,(unmapped)
SREINTFIN,19,-2.747072572588032,-52.1943788791726,36.84210526315789,(unmapped)
HINDZINC,19,-2.749158771045377,-52.23401664986216,31.57894736842105,Metals
MANGLMCEM,8,-2.7538684541961937,-22.03094763356955,37.5,(unmapped)
SRF,30,-2.7712571158969266,-83.13771347690779,20.0,Chemicals
PANTALOONR,25,-2.8725023516201498,-71.81255879050374,48.0,(unmapped)
GSPL,19,-2.884940914334191,-54.81387737234963,42.10526315789473,(unmapped)
HIMACHLFUT,25,-2.8858571092061562,-72.1464277301539,28.000000000000004,(unmapped)
MAYTASINFR,7,-2.9285877368263646,-20.50011415778455,28.57142857142857,(unmapped)
BILT,9,-2.9361277121532985,-26.425149409379685,22.22222222222222,(unmapped)
UNIPHOS,24,-2.937763643369262,-70.5063274408623,33.33333333333333,(unmapped)
ANANTRAJ,9,-2.946041803757798,-26.51437623382018,22.22222222222222,Realty
INDIABULLS,26,-2.9516323718734023,-76.74244166870847,38.46153846153847,(unmapped)
HITACHIHOM,5,-2.9653466703768045,-14.826733351884023,40.0,(unmapped)
DCBBANK,5,-2.985660433058855,-14.928302165294276,20.0,(unmapped)
BARTRONICS,8,-3.036635943712717,-24.293087549701735,37.5,(unmapped)
TATASPONGE,12,-3.0442630718789387,-36.53115686254726,16.666666666666664,(unmapped)
AFTEKINFO,13,-3.060286405182626,-39.78372326737414,15.384615384615385,(unmapped)
JUBLFOOD,27,-3.069962371981037,-82.888984043488,25.925925925925924,FMCG
SATYAMCOMP,28,-3.0802964454481807,-86.24830047254906,25.0,(unmapped)
PRAJIND,43,-3.144838126020027,-135.22803941886116,32.55813953488372,(unmapped)
CAIRN,25,-3.438599586416446,-85.96498966041115,20.0,(unmapped)
KESORAMIND,7,-3.534796887598508,-24.743578213189558,28.57142857142857,(unmapped)
OFSS,13,-3.5526641193207746,-46.18463355117007,7.6923076923076925,IT
RCF,22,-3.745619692919665,-82.40363324423262,27.27272727272727,(unmapped)
JUSTDIAL,10,-3.766831062626558,-37.66831062626558,30.0,(unmapped)
MAHSEAMLES,12,-3.795864089883471,-45.55036907860165,16.666666666666664,(unmapped)
WALCHANNAG,6,-3.857386272248943,-23.144317633493657,50.0,(unmapped)
HINDMOTOR,14,-3.9790858313953117,-55.70720163953436,35.714285714285715,(unmapped)
CEAT,10,-4.00054651501935,-40.005465150193494,10.0,(unmapped)
FORTIS,15,-4.006228692346483,-60.093430385197244,20.0,Pharma
VIDEOIND,14,-4.172850885239511,-58.41991239335316,21.428571428571427,(unmapped)
INDIAINFO,23,-4.186643032753241,-96.29278975332454,34.78260869565217,(unmapped)
BIRLAJUTE,6,-4.27332783867138,-25.63996703202828,16.666666666666664,(unmapped)
BSELINFRA,5,-4.292446700297464,-21.46223350148732,20.0,(unmapped)
GNFC,15,-4.340270516535302,-65.10405774802953,26.666666666666668,(unmapped)
GRANULES,10,-4.3477201950554,-43.477201950554004,30.0,(unmapped)
DHAMPURSUG,11,-4.356660203869663,-47.923262242566295,18.181818181818183,(unmapped)
EKC,9,-4.3570216896825675,-39.21319520714311,22.22222222222222,(unmapped)
SHREECEM,5,-4.413174027586365,-22.065870137931825,0.0,Cement
PRITHVI,6,-4.419749456287044,-26.518496737722266,16.666666666666664,(unmapped)
D-LINK,5,-4.529872880777151,-22.649364403885755,20.0,(unmapped)
GDL,7,-4.559119931937452,-31.91383952356216,14.285714285714285,(unmapped)
BHARTI,5,-4.594872567713057,-22.974362838565284,20.0,(unmapped)
ONMOBILE,13,-4.660027834918592,-60.5803618539417,15.384615384615385,(unmapped)
JAICORPLTD,24,-4.683814524710095,-112.41154859304227,20.833333333333336,(unmapped)
GUJALKALI,12,-4.690274529574414,-56.28329435489297,16.666666666666664,(unmapped)
HINDCOPPER,6,-4.823628587330686,-28.941771523984116,16.666666666666664,Metals
BERGEPAINT,5,-4.883599660724917,-24.417998303624582,20.0,(unmapped)
NIITTECH,17,-4.886589162700774,-83.07201576591315,11.76470588235294,(unmapped)
LOVABLE,5,-5.013147632332731,-25.065738161663656,20.0,(unmapped)
TULIP,6,-5.101570072574488,-30.60942043544693,16.666666666666664,(unmapped)
KECINTL,6,-5.355798940686746,-32.13479364412048,16.666666666666664,(unmapped)
PFS,7,-5.3851899073096385,-37.69632935116747,14.285714285714285,(unmapped)
JINDALPOLY,7,-5.471839982971328,-38.302879880799296,14.285714285714285,(unmapped)
GTOFFSHORE,6,-5.6439164588425195,-33.86349875305512,16.666666666666664,(unmapped)
ITI,9,-5.648904074015215,-50.840136666136935,22.22222222222222,Capital Goods
WWIL,6,-5.780654942679164,-34.68392965607499,16.666666666666664,(unmapped)
STERLINBIO,7,-5.783654968882608,-40.48558478217826,14.285714285714285,(unmapped)
CONCOR,6,-5.974579108852049,-35.84747465311229,16.666666666666664,Logistics
NUCLEUS,7,-6.275103644667995,-43.92572551267597,14.285714285714285,(unmapped)
HFCL,6,-6.559322604996466,-39.355935629978795,16.666666666666664,(unmapped)
PRAKASH,5,-6.800024975634997,-34.00012487817499,0.0,(unmapped)
ICSA,11,-6.934763251618685,-76.28239576780554,18.181818181818183,(unmapped)
STCINDIA,7,-7.619070577054606,-53.33349403938224,0.0,(unmapped)
SASKEN,6,-7.765642412287281,-46.59385447372369,16.666666666666664,(unmapped)
HTMT,6,-8.898249074013625,-53.38949444408175,0.0,(unmapped)
NOCIL,7,-9.098404807240238,-63.68883365068166,14.285714285714285,(unmapped)
NATCOPHARM,5,-16.44222062563198,-82.21110312815989,40.0,Pharma
